Date,Customer,Comment,Revenue
2026-02-03,Customer 0,"Follow-up needed,
see ticket #1000",1001.04
2026-04-14,Customer 1,"Follow-up needed,
see ticket #1001",2052.12
2026-05-07,Customer 2,"Follow-up needed,
see ticket #1002",2966.29
2026-03-21,Customer 3,"Follow-up needed,
see ticket #1003",3719.91
2026-02-03,Customer 4,"Follow-up needed,
see ticket #1004",3398.19
2026-03-20,Customer 5,"Follow-up needed,
see ticket #1005",2562.60
2026-05-12,Customer 6,"Follow-up needed,
see ticket #1006",2479.99
2026-02-25,Customer 7,"Follow-up needed,
see ticket #1007",2276.03
2026-05-13,Customer 8,"Follow-up needed,
see ticket #1008",582.32
2026-04-23,Customer 9,"Follow-up needed,
see ticket #1009",3503.45
2026-03-01,Customer 10,"Follow-up needed,
see ticket #1010",3015.81
2026-05-03,Customer 11,"Follow-up needed,
see ticket #1011",2573.64
2026-02-12,Customer 12,"Follow-up needed,
see ticket #1012",2589.82
2026-04-09,Customer 13,"Follow-up needed,
see ticket #1013",2868.17
2026-02-16,Customer 14,"Follow-up needed,
see ticket #1014",3949.90
2026-04-24,Customer 15,"Follow-up needed,
see ticket #1015",3961.21
2026-03-26,Customer 16,"Follow-up needed,
see ticket #1016",1005.51
2026-02-07,Customer 17,"Follow-up needed,
see ticket #1017",1650.64
2026-03-23,Customer 18,"Follow-up needed,
see ticket #1018",2578.27
2026-02-16,Customer 19,"Follow-up needed,
see ticket #1019",247.65
2026-04-02,Customer 20,"Follow-up needed,
see ticket #1020",1502.57
2026-03-07,Customer 21,"Follow-up needed,
see ticket #1021",782.15
2026-02-27,Customer 22,"Follow-up needed,
see ticket #1022",2711.79
2026-04-24,Customer 23,"Follow-up needed,
see ticket #1023",368.03
2026-05-07,Customer 24,"Follow-up needed,
see ticket #1024",1021.69
2026-05-06,Customer 25,"Follow-up needed,
see ticket #1025",246.13
2026-04-08,Customer 26,"Follow-up needed,
see ticket #1026",1936.90
2026-05-20,Customer 27,"Follow-up needed,
see ticket #1027",3323.75
2026-05-31,Customer 28,"Follow-up needed,
see ticket #1028",1380.80
2026-05-18,Customer 29,"Follow-up needed,
see ticket #1029",487.76
2026-03-06,Customer 0,"Follow-up needed,
see ticket #1030",2213.17
2026-03-06,Customer 1,"Follow-up needed,
see ticket #1031",222.57
2026-02-07,Customer 2,"Follow-up needed,
see ticket #1032",674.83
2026-02-24,Customer 3,"Follow-up needed,
see ticket #1033",3788.18
2026-04-27,Customer 4,"Follow-up needed,
see ticket #1034",2598.27
2026-05-21,Customer 5,"Follow-up needed,
see ticket #1035",3102.86
2026-02-18,Customer 6,"Follow-up needed,
see ticket #1036",2902.93
2026-03-16,Customer 7,"Follow-up needed,
see ticket #1037",3439.06
2026-02-15,Customer 8,"Follow-up needed,
see ticket #1038",2001.19
2026-03-10,Customer 9,"Follow-up needed,
see ticket #1039",1258.07
2026-05-05,Customer 10,"Follow-up needed,
see ticket #1040",3197.84
2026-05-10,Customer 11,"Follow-up needed,
see ticket #1041",3924.17
2026-02-16,Customer 12,"Follow-up needed,
see ticket #1042",3657.13
2026-03-12,Customer 13,"Follow-up needed,
see ticket #1043",1971.68
2026-04-03,Customer 14,"Follow-up needed,
see ticket #1044",3033.75
2026-05-24,Customer 15,"Follow-up needed,
see ticket #1045",3245.21
2026-03-01,Customer 16,"Follow-up needed,
see ticket #1046",2887.58
2026-05-04,Customer 17,"Follow-up needed,
see ticket #1047",2263.57
2026-04-09,Customer 18,"Follow-up needed,
see ticket #1048",3487.08
2026-05-31,Customer 19,"Follow-up needed,
see ticket #1049",2963.75
2026-05-09,Customer 20,"Follow-up needed,
see ticket #1050",1560.48
2026-03-08,Customer 21,"Follow-up needed,
see ticket #1051",1746.61
2026-03-04,Customer 22,"Follow-up needed,
see ticket #1052",776.39
2026-03-08,Customer 23,"Follow-up needed,
see ticket #1053",2105.15
2026-05-29,Customer 24,"Follow-up needed,
see ticket #1054",384.68
2026-05-27,Customer 25,"Follow-up needed,
see ticket #1055",1423.02
2026-05-12,Customer 26,"Follow-up needed,
see ticket #1056",297.15
2026-04-24,Customer 27,"Follow-up needed,
see ticket #1057",640.35
2026-05-31,Customer 28,"Follow-up needed,
see ticket #1058",2695.62
2026-05-31,Customer 29,"Follow-up needed,
see ticket #1059",1220.61
2026-03-05,Customer 0,"Follow-up needed,
see ticket #1060",113.40
2026-03-02,Customer 1,"Follow-up needed,
see ticket #1061",1065.12
2026-04-26,Customer 2,"Follow-up needed,
see ticket #1062",267.11
2026-04-13,Customer 3,"Follow-up needed,
see ticket #1063",1830.56
2026-02-11,Customer 4,"Follow-up needed,
see ticket #1064",392.98
2026-04-14,Customer 5,"Follow-up needed,
see ticket #1065",890.16
2026-03-02,Customer 6,"Follow-up needed,
see ticket #1066",1095.38
2026-03-22,Customer 7,"Follow-up needed,
see ticket #1067",3555.88
2026-02-15,Customer 8,"Follow-up needed,
see ticket #1068",2795.10
2026-05-14,Customer 9,"Follow-up needed,
see ticket #1069",2374.02
2026-04-23,Customer 10,"Follow-up needed,
see ticket #1070",1428.64
2026-02-19,Customer 11,"Follow-up needed,
see ticket #1071",1371.17
2026-02-09,Customer 12,"Follow-up needed,
see ticket #1072",798.14
2026-03-28,Customer 13,"Follow-up needed,
see ticket #1073",1821.36
2026-04-12,Customer 14,"Follow-up needed,
see ticket #1074",1216.06
2026-05-31,Customer 15,"Follow-up needed,
see ticket #1075",1368.25
2026-05-26,Customer 16,"Follow-up needed,
see ticket #1076",377.50
2026-04-22,Customer 17,"Follow-up needed,
see ticket #1077",1989.11
2026-02-24,Customer 18,"Follow-up needed,
see ticket #1078",421.77
2026-04-14,Customer 19,"Follow-up needed,
see ticket #1079",692.12
2026-04-25,Customer 20,"Follow-up needed,
see ticket #1080",3178.12
2026-05-20,Customer 21,"Follow-up needed,
see ticket #1081",1724.57
2026-02-11,Customer 22,"Follow-up needed,
see ticket #1082",3488.44
2026-03-15,Customer 23,"Follow-up needed,
see ticket #1083",994.84
2026-05-19,Customer 24,"Follow-up needed,
see ticket #1084",3235.87
2026-04-20,Customer 25,"Follow-up needed,
see ticket #1085",3522.32
2026-05-08,Customer 26,"Follow-up needed,
see ticket #1086",2865.34
2026-05-11,Customer 27,"Follow-up needed,
see ticket #1087",879.81
2026-04-20,Customer 28,"Follow-up needed,
see ticket #1088",459.00
2026-05-29,Customer 29,"Follow-up needed,
see ticket #1089",1526.27
2026-05-16,Customer 0,"Follow-up needed,
see ticket #1090",2908.41
2026-02-27,Customer 1,"Follow-up needed,
see ticket #1091",991.30
2026-02-09,Customer 2,"Follow-up needed,
see ticket #1092",996.06
2026-05-27,Customer 3,"Follow-up needed,
see ticket #1093",124.69
2026-05-27,Customer 4,"Follow-up needed,
see ticket #1094",1723.54
2026-05-13,Customer 5,"Follow-up needed,
see ticket #1095",2035.13
2026-05-05,Customer 6,"Follow-up needed,
see ticket #1096",2394.97
2026-04-12,Customer 7,"Follow-up needed,
see ticket #1097",1741.94
2026-04-20,Customer 8,"Follow-up needed,
see ticket #1098",1572.06
2026-05-15,Customer 9,"Follow-up needed,
see ticket #1099",437.33
2026-04-08,Customer 10,"Follow-up needed,
see ticket #1100",949.21
2026-05-09,Customer 11,"Follow-up needed,
see ticket #1101",1741.85
2026-03-09,Customer 12,"Follow-up needed,
see ticket #1102",3737.70
2026-05-20,Customer 13,"Follow-up needed,
see ticket #1103",3811.44
2026-04-12,Customer 14,"Follow-up needed,
see ticket #1104",1589.94
2026-04-24,Customer 15,"Follow-up needed,
see ticket #1105",2139.29
2026-02-21,Customer 16,"Follow-up needed,
see ticket #1106",1102.20
2026-04-05,Customer 17,"Follow-up needed,
see ticket #1107",266.12
2026-05-08,Customer 18,"Follow-up needed,
see ticket #1108",220.99
2026-05-21,Customer 19,"Follow-up needed,
see ticket #1109",3039.76
2026-03-28,Customer 20,"Follow-up needed,
see ticket #1110",3028.45
2026-04-25,Customer 21,"Follow-up needed,
see ticket #1111",2212.16
2026-04-16,Customer 22,"Follow-up needed,
see ticket #1112",1134.05
2026-04-16,Customer 23,"Follow-up needed,
see ticket #1113",3273.30
2026-03-20,Customer 24,"Follow-up needed,
see ticket #1114",3248.30
2026-03-03,Customer 25,"Follow-up needed,
see ticket #1115",2398.24
2026-05-08,Customer 26,"Follow-up needed,
see ticket #1116",608.12
2026-02-08,Customer 27,"Follow-up needed,
see ticket #1117",2513.93
2026-04-03,Customer 28,"Follow-up needed,
see ticket #1118",3523.24
2026-05-28,Customer 29,"Follow-up needed,
see ticket #1119",2282.08
